[
  {
    "id": "143f9714-7428-4f22-b799-842d52c153c6",
    "business_name": "Beautiful Moments by Leipzib Diaz",
    "contact_name": "Leipzib",
    "email": "Bmphotographybyld@gmail.com",
    "ref": "beautiful-moments-by-leipzib-diaz-87i8",
    "password": "WeTwo-beautiful-moments-by-leipzib-diaz-87i8",
    "hash": "d5b21e286174ca17efc4dcda982a6029fb97e74be5a15adb3cdb82ef14c0fb03",
    "magic_token": "1cd26094b76dbe624c311d645a6cc7f9",
    "magic_link": "https://wetwo-vendors.vercel.app/dashboard?token=1cd26094b76dbe624c311d645a6cc7f9",
    "landing_page": "https://wetwo-vendors.vercel.app/vendor/beautiful-moments-by-leipzib-diaz-87i8",
    "storefront": "https://wetwo.love?ref=vendor-beautiful-moments-by-leipzib-diaz-87i8",
    "goaffpro_id": "19367205"
  },
  {
    "id": "2524b332-5206-4a87-bc26-151bf43b061b",
    "business_name": "EP Event Group",
    "contact_name": "Nick",
    "email": "nick@epeventgroup.com",
    "ref": "ep-event-group-46yx",
    "password": "WeTwo-ep-event-group-46yx",
    "hash": "92484f25c7c64cab9242d2faaccf71a051e89d08de94c4b65cef6c6e616d3687",
    "magic_token": "f670b2d024a5f514df07f2909bbd0fe8",
    "magic_link": "https://wetwo-vendors.vercel.app/dashboard?token=f670b2d024a5f514df07f2909bbd0fe8",
    "landing_page": "https://wetwo-vendors.vercel.app/vendor/ep-event-group-46yx",
    "storefront": "https://wetwo.love?ref=vendor-ep-event-group-46yx",
    "goaffpro_id": "19366863"
  },
  {
    "id": "3c339aad-afe9-4c87-a611-c8dc2b4b6979",
    "business_name": "Elegantize Weddings",
    "contact_name": "Raza",
    "email": "info@elegantize.com",
    "ref": "elegantize-weddings-yrlq",
    "password": "WeTwo-elegantize-weddings-yrlq",
    "hash": "2a94dcce51dec2a84c8a13a202ce06036c6c2c6d43ae795a95ec3efa5958eddc",
    "magic_token": "01d755b700af9cc637eb1fdc1d5f5025",
    "magic_link": "https://wetwo-vendors.vercel.app/dashboard?token=01d755b700af9cc637eb1fdc1d5f5025",
    "landing_page": "https://wetwo-vendors.vercel.app/vendor/elegantize-weddings-yrlq",
    "storefront": "https://wetwo.love?ref=vendor-elegantize-weddings-yrlq",
    "goaffpro_id": "19321158"
  },
  {
    "id": "42a2c3f9-a73a-436b-a045-9b8f212361a3",
    "business_name": "EK Event Group",
    "contact_name": "Evan",
    "email": "EvanK@EKeventgroup.com",
    "ref": "ek-event-group-qi4r",
    "password": "WeTwo-ek-event-group-qi4r",
    "hash": "8dd20acafdeca978d5c60d79440525e8101e80e47a7beca2a6e2a9e762e46072",
    "magic_token": "4e1b0244562b14d09ec39655eaaecf5c",
    "magic_link": "https://wetwo-vendors.vercel.app/dashboard?token=4e1b0244562b14d09ec39655eaaecf5c",
    "landing_page": "https://wetwo-vendors.vercel.app/vendor/ek-event-group-qi4r",
    "storefront": "https://wetwo.love?ref=vendor-ek-event-group-qi4r",
    "goaffpro_id": "19366623"
  },
  {
    "id": "43193319-cfd6-4883-9824-45c94203530d",
    "business_name": "Kenia's Flowers Boutique",
    "contact_name": "Kenia",
    "email": "keniaflowers12@gmail.com",
    "ref": "kenia-s-flowers-boutique-82na",
    "password": "WeTwo-kenia-s-flowers-boutique-82na",
    "hash": "e69e79d9056b06b9ca15dd1c3f071c48bfe981cef20ff00a92bebd194b603316",
    "magic_token": "85349b706dcd2c3d90c8c151846cca46",
    "magic_link": "https://wetwo-vendors.vercel.app/dashboard?token=85349b706dcd2c3d90c8c151846cca46",
    "landing_page": "https://wetwo-vendors.vercel.app/vendor/kenia-s-flowers-boutique-82na",
    "storefront": "https://wetwo.love?ref=vendor-kenia-s-flowers-boutique-82na",
    "goaffpro_id": "19367160"
  },
  {
    "id": "490ba39f-5f28-4734-ba85-5cfc4d9e14b1",
    "business_name": "Rebell Entertainment",
    "contact_name": "Damion",
    "email": "rebellentertainment@yahoo.com",
    "ref": "rebell-entertainment-tld0",
    "password": "WeTwo-rebell-entertainment-tld0",
    "hash": "3ea49acb96edfaaf5d87dbcd3bb3af8f258d4d92784953f2a995c0b482868d91",
    "magic_token": "787ce2e4ac0690d8e55e23ffa189803c",
    "magic_link": "https://wetwo-vendors.vercel.app/dashboard?token=787ce2e4ac0690d8e55e23ffa189803c",
    "landing_page": "https://wetwo-vendors.vercel.app/vendor/rebell-entertainment-tld0",
    "storefront": "https://wetwo.love?ref=vendor-rebell-entertainment-tld0",
    "goaffpro_id": "18749643"
  },
  {
    "id": "50f6533f-4ad6-4eb5-b936-e0a57764aaf1",
    "business_name": "Threefold Cafe",
    "contact_name": "Jesse",
    "email": "jesse@threefold.org",
    "ref": "threefold-cafe-16il",
    "password": "WeTwo-threefold-cafe-16il",
    "hash": "56d1e23eadafcd0d1db776d518418afdec2a7349cb60c198872c11d58189989d",
    "magic_token": "80310f8412e038b769da70feb691b6af",
    "magic_link": "https://wetwo-vendors.vercel.app/dashboard?token=80310f8412e038b769da70feb691b6af",
    "landing_page": "https://wetwo-vendors.vercel.app/vendor/threefold-cafe-16il",
    "storefront": "https://wetwo.love?ref=vendor-threefold-cafe-16il",
    "goaffpro_id": "19365876"
  },
  {
    "id": "54a1676b-395b-4659-ae36-33ac47f1f8a8",
    "business_name": "Simple Meanings Events",
    "contact_name": "Yvette",
    "email": "Eventplanning@simplemeanings.com",
    "ref": "simple-meanings-events-uis4",
    "password": "WeTwo-simple-meanings-events-uis4",
    "hash": "931ae6c3a70586550525f1b987aa6c55177476c5a3aca297c6f9e8249ad3e097",
    "magic_token": "36ed57fd835458149304ab4f8df29d55",
    "magic_link": "https://wetwo-vendors.vercel.app/dashboard?token=36ed57fd835458149304ab4f8df29d55",
    "landing_page": "https://wetwo-vendors.vercel.app/vendor/simple-meanings-events-uis4",
    "storefront": "https://wetwo.love?ref=vendor-simple-meanings-events-uis4",
    "goaffpro_id": "19297683"
  },
  {
    "id": "5d9d1664-344e-4ead-9e5f-31b8cf4e2b73",
    "business_name": "H&H Photographers",
    "contact_name": "Larry",
    "email": "larry@hhphotographers.com",
    "ref": "h-h-photographers-4eyj",
    "password": "WeTwo-h-h-photographers-4eyj",
    "hash": "83835bc499b7f8602f8a554aa30a51b82a588e32279166bda00cfb2232aae43f",
    "magic_token": "a62ffc02d0e9437d7ceaa0db7101100a",
    "magic_link": "https://wetwo-vendors.vercel.app/dashboard?token=a62ffc02d0e9437d7ceaa0db7101100a",
    "landing_page": "https://wetwo-vendors.vercel.app/vendor/h-h-photographers-4eyj",
    "storefront": "https://wetwo.love?ref=vendor-h-h-photographers-4eyj",
    "goaffpro_id": "19366916"
  },
  {
    "id": "613c5ed9-1c2e-4873-8b9a-3c27a67385be",
    "business_name": "Paul Francis Photography",
    "contact_name": "Paul",
    "email": "paulfrancisphotography@gmail.com",
    "ref": "paul-francis-photography-lcln",
    "password": "WeTwo-paul-francis-photography-lcln",
    "hash": "eda2c8a561608cec81e7a53209bb9eb3ec4a00f171f8dbd4dce8f737703255c5",
    "magic_token": "d7eb1e8b4359489972909eb4e1105ff5",
    "magic_link": "https://wetwo-vendors.vercel.app/dashboard?token=d7eb1e8b4359489972909eb4e1105ff5",
    "landing_page": "https://wetwo-vendors.vercel.app/vendor/paul-francis-photography-lcln",
    "storefront": "https://wetwo.love?ref=vendor-paul-francis-photography-lcln",
    "goaffpro_id": "19365400"
  },
  {
    "id": "6aabd5e0-55f7-4b6e-8512-330003edf266",
    "business_name": "M&V Limousines Ltd.",
    "contact_name": "Jenna",
    "email": "jenna@mvlimo.com",
    "ref": "m-v-limousines-ltd-ivep",
    "password": "WeTwo-m-v-limousines-ltd-ivep",
    "hash": "54c76e523b6e152709cf7d22266111b9a3a7a6fb1a65e853b62d72b7a331880f",
    "magic_token": "956ece3728d443945f5469b2631e3341",
    "magic_link": "https://wetwo-vendors.vercel.app/dashboard?token=956ece3728d443945f5469b2631e3341",
    "landing_page": "https://wetwo-vendors.vercel.app/vendor/m-v-limousines-ltd-ivep",
    "storefront": "https://wetwo.love?ref=vendor-m-v-limousines-ltd-ivep",
    "goaffpro_id": "19366896"
  },
  {
    "id": "85317459-2f13-4bc0-be54-d507c8f9e062",
    "business_name": "Hollywood Smile Photo Booth",
    "contact_name": "Peter",
    "email": "hollywoodsmilePB@gmail.com",
    "ref": "hollywood-smile-photo-booth-i3yl",
    "password": "WeTwo-hollywood-smile-photo-booth-i3yl",
    "hash": "f1fbba8e8259b611c60b0ad1048d44ce8431d5b924ff8d2e805b7a2ee505c800",
    "magic_token": "4e5a01ea2da8a8ab7aca2c67c6fd7f4f",
    "magic_link": "https://wetwo-vendors.vercel.app/dashboard?token=4e5a01ea2da8a8ab7aca2c67c6fd7f4f",
    "landing_page": "https://wetwo-vendors.vercel.app/vendor/hollywood-smile-photo-booth-i3yl",
    "storefront": "https://wetwo.love?ref=vendor-hollywood-smile-photo-booth-i3yl",
    "goaffpro_id": "19357830"
  },
  {
    "id": "8a69ac89-911f-4141-a9b1-213ad861d952",
    "business_name": "LJDJs Event Design & Entertainment",
    "contact_name": "Jack",
    "email": "info@ljdjs.com ",
    "ref": "ljdjs-event-design-entertainment-kmup",
    "password": "WeTwo-ljdjs-event-design-entertainment-kmup",
    "hash": "d3d8de481f5ca976f8c8c2344330faeb27966a16e692c30afb4ec566dd923729",
    "magic_token": "da4e2f86375d78b1c8f3b4abaca49a78",
    "magic_link": "https://wetwo-vendors.vercel.app/dashboard?token=da4e2f86375d78b1c8f3b4abaca49a78",
    "landing_page": "https://wetwo-vendors.vercel.app/vendor/ljdjs-event-design-entertainment-kmup",
    "storefront": "https://wetwo.love?ref=vendor-ljdjs-event-design-entertainment-kmup",
    "goaffpro_id": "19365822"
  },
  {
    "id": "8e83a714-7d92-4d0d-bf68-a733a00de360",
    "business_name": "Giuliana Brandon Makeup Artist",
    "contact_name": "Giuliana",
    "email": "giulianabmakeup@gmail.com",
    "ref": "giuliana-brandon-makeup-artist-wsib",
    "password": "WeTwo-giuliana-brandon-makeup-artist-wsib",
    "hash": "2304ef7f7fdec5d5d37d8f9fe9db47aca25560329b9adc056c06ed262228371a",
    "magic_token": "ac477927f0469b28c299720f6439d3b0",
    "magic_link": "https://wetwo-vendors.vercel.app/dashboard?token=ac477927f0469b28c299720f6439d3b0",
    "landing_page": "https://wetwo-vendors.vercel.app/vendor/giuliana-brandon-makeup-artist-wsib",
    "storefront": "https://wetwo.love?ref=vendor-giuliana-brandon-makeup-artist-wsib",
    "goaffpro_id": "19367066"
  },
  {
    "id": "96c0d998-7da7-4031-b20c-05d021c31a00",
    "business_name": "Fantasy Productions",
    "contact_name": "Bob",
    "email": "fantasydjs@comcast.net",
    "ref": "fantasy-productions-0cq7",
    "password": "WeTwo-fantasy-productions-0cq7",
    "hash": "4857adbb311415ccc7b798ba3ba49eac33d269ea55e922e493e4d266733fa63e",
    "magic_token": "eab8c530836e7de4aa14cd29eb65a756",
    "magic_link": "https://wetwo-vendors.vercel.app/dashboard?token=eab8c530836e7de4aa14cd29eb65a756",
    "landing_page": "https://wetwo-vendors.vercel.app/vendor/fantasy-productions-0cq7",
    "storefront": "https://wetwo.love?ref=vendor-fantasy-productions-0cq7",
    "goaffpro_id": "19366690"
  },
  {
    "id": "ab85cf3c-9c8d-4070-9e10-28c27aed9a8c",
    "business_name": "Montclair Wedding Sanctuary",
    "contact_name": "Reginald",
    "email": "coordinator@montclairwedding.com",
    "ref": "montclair-wedding-sanctuary-djx5",
    "password": "WeTwo-montclair-wedding-sanctuary-djx5",
    "hash": "c181a8bd96b6f34785a0ae2c1f6595b6cc0e7bc823c53040f590948ef324e109",
    "magic_token": "92e644806171ab0877a352359ba227bd",
    "magic_link": "https://wetwo-vendors.vercel.app/dashboard?token=92e644806171ab0877a352359ba227bd",
    "landing_page": "https://wetwo-vendors.vercel.app/vendor/montclair-wedding-sanctuary-djx5",
    "storefront": "https://wetwo.love?ref=vendor-montclair-wedding-sanctuary-djx5",
    "goaffpro_id": "19276507"
  },
  {
    "id": "b17642e6-dbae-47f7-933f-b921300b31fa",
    "business_name": "Divine Events Creators",
    "contact_name": "Gladys",
    "email": "divineeventscreators@gmail.com",
    "ref": "divine-events-creators-3h2t",
    "password": "WeTwo-divine-events-creators-3h2t",
    "hash": "c9ec4054666ad1d7fcb09c0777498693b5ab80badf7e176c243021e65594b3ac",
    "magic_token": "956027535b0ee64211962080bba3604d",
    "magic_link": "https://wetwo-vendors.vercel.app/dashboard?token=956027535b0ee64211962080bba3604d",
    "landing_page": "https://wetwo-vendors.vercel.app/vendor/divine-events-creators-3h2t",
    "storefront": "https://wetwo.love?ref=vendor-divine-events-creators-3h2t",
    "goaffpro_id": "19351378"
  },
  {
    "id": "b3083ec0-4b4c-4a1c-ae8f-a511623c3505",
    "business_name": "White Isle Events",
    "contact_name": "Bryan",
    "email": "bryan@whiteisleevents.com",
    "ref": "white-isle-events-ukiy",
    "password": "WeTwo-white-isle-events-ukiy",
    "hash": "23c5c230051548f0a88d7522d5db92e7589d75c1001ba560d3e3cec0a8dcc385",
    "magic_token": "3848b2709a7222e0385d43951569311d",
    "magic_link": "https://wetwo-vendors.vercel.app/dashboard?token=3848b2709a7222e0385d43951569311d",
    "landing_page": "https://wetwo-vendors.vercel.app/vendor/white-isle-events-ukiy",
    "storefront": "https://wetwo.love?ref=vendor-white-isle-events-ukiy",
    "goaffpro_id": "9864143"
  },
  {
    "id": "b622e34a-78f3-45cd-ab22-9abf1e62d51f",
    "business_name": "MC Productions NJ",
    "contact_name": "Ivone+Mario",
    "email": "ivone@mcproductionsnj.com",
    "ref": "mc-productions-nj-74tn",
    "password": "WeTwo-mc-productions-nj-74tn",
    "hash": "f4975d92207de65a569f51033f951852ecacb24d71db6947266f3bc9fa5dddf7",
    "magic_token": "3232b0e4f1f4ed0fbcb2bc987cbea3b3",
    "magic_link": "https://wetwo-vendors.vercel.app/dashboard?token=3232b0e4f1f4ed0fbcb2bc987cbea3b3",
    "landing_page": "https://wetwo-vendors.vercel.app/vendor/mc-productions-nj-74tn",
    "storefront": "https://wetwo.love?ref=vendor-mc-productions-nj-74tn",
    "goaffpro_id": "19296123"
  },
  {
    "id": "c21939bb-c3bc-4f45-a4c7-f405cd83936e",
    "business_name": "Stem Productions",
    "contact_name": "",
    "email": "info@stemproductions.biz",
    "ref": "stem-productions-3h8i",
    "password": "WeTwo-stem-productions-3h8i",
    "hash": "a9aa053ab5148c362367caf5ed51644fa30638579c67abae10ed939ba8610948",
    "magic_token": "a5da932f67e5059bfc22015aa1be0bfe",
    "magic_link": "https://wetwo-vendors.vercel.app/dashboard?token=a5da932f67e5059bfc22015aa1be0bfe",
    "landing_page": "https://wetwo-vendors.vercel.app/vendor/stem-productions-3h8i",
    "storefront": "https://wetwo.love?ref=vendor-stem-productions-3h8i",
    "goaffpro_id": "19366817"
  },
  {
    "id": "c2737f6b-af37-4d14-91fa-23b58e3e9468",
    "business_name": "Creative Catering",
    "contact_name": "Angelo",
    "email": "info@cateringnj.com",
    "ref": "creative-catering-9486",
    "password": "WeTwo-creative-catering-9486",
    "hash": "fce916fad60e7c90c3a22c0c339ed74868bbf7c39f7b840b19b87225e82dbfbd",
    "magic_token": "82fbac1ca159a337fb15aa568cc8c390",
    "magic_link": "https://wetwo-vendors.vercel.app/dashboard?token=82fbac1ca159a337fb15aa568cc8c390",
    "landing_page": "https://wetwo-vendors.vercel.app/vendor/creative-catering-9486",
    "storefront": "https://wetwo.love?ref=vendor-creative-catering-9486",
    "goaffpro_id": "19302669"
  },
  {
    "id": "c7796290-5c0a-4086-995b-d5af64f4c771",
    "business_name": "Selfie Booth Co",
    "contact_name": "Nicole",
    "email": "nicole@selfieboothco.com",
    "ref": "selfie-booth-co-pqm9",
    "password": "WeTwo-selfie-booth-co-pqm9",
    "hash": "196b74e7f5910e440fa34c95edb97bd104b9c4d73031db75417a2eb19b173881",
    "magic_token": "cab220b15c2e92b15385e6bcb4793168",
    "magic_link": "https://wetwo-vendors.vercel.app/dashboard?token=cab220b15c2e92b15385e6bcb4793168",
    "landing_page": "https://wetwo-vendors.vercel.app/vendor/selfie-booth-co-pqm9",
    "storefront": "https://wetwo.love?ref=vendor-selfie-booth-co-pqm9",
    "goaffpro_id": "19321115"
  },
  {
    "id": "c89da723-d856-4e8a-b598-fc74f06989e4",
    "business_name": "Glitter Thicket",
    "contact_name": "Larissa",
    "email": "larisa.schuckle16@gmail.com ",
    "ref": "glitter-thicket-4l7j",
    "password": "WeTwo-glitter-thicket-4l7j",
    "hash": "756eaa88ea63fb918541fd42679388aa4f1efaf8e982c71ec32721143d1d6df1",
    "magic_token": "7c619e22b5f48dd1b91d9622ea36d916",
    "magic_link": "https://wetwo-vendors.vercel.app/dashboard?token=7c619e22b5f48dd1b91d9622ea36d916",
    "landing_page": "https://wetwo-vendors.vercel.app/vendor/glitter-thicket-4l7j",
    "storefront": "https://wetwo.love?ref=vendor-glitter-thicket-4l7j",
    "goaffpro_id": "19365242"
  },
  {
    "id": "cdc6c20e-f344-4d76-8d4d-ab2042fd907e",
    "business_name": "Shaz Bridal Makeup Artist and Hairstylist",
    "contact_name": "Shaz",
    "email": "sabashaz00@gmail.com",
    "ref": "shaz-bridal-beauty-1eb1",
    "password": "WeTwo-shaz-bridal-beauty-1eb1",
    "hash": "7985a079b4f689440550deff1540b33be6433f4e4cf672189987ce1386ec43c6",
    "magic_token": "7bd8438644f9c319a0b3293ede20a826",
    "magic_link": "https://wetwo-vendors.vercel.app/dashboard?token=7bd8438644f9c319a0b3293ede20a826",
    "landing_page": "https://wetwo-vendors.vercel.app/vendor/shaz-bridal-beauty-1eb1",
    "storefront": "https://wetwo.love?ref=vendor-shaz-bridal-beauty-1eb1",
    "goaffpro_id": "14663843"
  },
  {
    "id": "defb4685-93bc-44f4-a085-b42e567700cd",
    "business_name": "Draughtwood Mobile Bar",
    "contact_name": "Chris",
    "email": "Draughtwoodny@gmail.com",
    "ref": "draughtwood-mobile-bar-a9de",
    "password": "WeTwo-draughtwood-mobile-bar-a9de",
    "hash": "b68b42bceadaf16f68c5261aea6129257cbf1dd5389ff3e5ae8bc7190c1a95e4",
    "magic_token": "dacaab43757d98780c4560df4eabb506",
    "magic_link": "https://wetwo-vendors.vercel.app/dashboard?token=dacaab43757d98780c4560df4eabb506",
    "landing_page": "https://wetwo-vendors.vercel.app/vendor/draughtwood-mobile-bar-a9de",
    "storefront": "https://wetwo.love?ref=vendor-draughtwood-mobile-bar-a9de",
    "goaffpro_id": "19367122"
  },
  {
    "id": "e6d457f0-0f0c-45f7-a535-9aadb8163a93",
    "business_name": "Catering By Nick",
    "contact_name": "Nick",
    "email": "cateringbynick@gmail.com",
    "ref": "catering-by-nick-f9hg",
    "password": "WeTwo-catering-by-nick-f9hg",
    "hash": "4c2c3fb2b7456e7bf42dedf64feee126cf3012adb224c89f566f9ad3b9d66527",
    "magic_token": "8e792ee002a8e622319a24ce9bf11d28",
    "magic_link": "https://wetwo-vendors.vercel.app/dashboard?token=8e792ee002a8e622319a24ce9bf11d28",
    "landing_page": "https://wetwo-vendors.vercel.app/vendor/catering-by-nick-f9hg",
    "storefront": "https://wetwo.love?ref=vendor-catering-by-nick-f9hg",
    "goaffpro_id": "19321329"
  },
  {
    "id": "ebf0404b-2185-462c-8c2e-e72d5ffcc5d4",
    "business_name": "You and Me By The Sea Travel",
    "contact_name": "Christine",
    "email": "Christine@youandmebythesea.com",
    "ref": "you-and-me-by-the-sea-travel-mziv",
    "password": "WeTwo-you-and-me-by-the-sea-travel-mziv",
    "hash": "7a45f583d7a522fc2bf39467a8eb8fc515d88857fb15cd5f7c5daaf5e375d584",
    "magic_token": "c224b682bc8dc71cad1f6db4e438b26d",
    "magic_link": "https://wetwo-vendors.vercel.app/dashboard?token=c224b682bc8dc71cad1f6db4e438b26d",
    "landing_page": "https://wetwo-vendors.vercel.app/vendor/you-and-me-by-the-sea-travel-mziv",
    "storefront": "https://wetwo.love?ref=vendor-you-and-me-by-the-sea-travel-mziv",
    "goaffpro_id": "19367264"
  },
  {
    "id": "fd87d4b7-2dc7-45f2-849e-8788da5f6eed",
    "business_name": "Z4 Events",
    "contact_name": "MD Ahmed",
    "email": "contact@z4events.com",
    "ref": "z4-events-hlwn",
    "password": "WeTwo-z4-events-hlwn",
    "hash": "70b047b976124221f217890d094d16098e1f2871bc51064de6b1a85ae098d5e8",
    "magic_token": "b499888cb9de80947e1ddfcbdeb9bd3d",
    "magic_link": "https://wetwo-vendors.vercel.app/dashboard?token=b499888cb9de80947e1ddfcbdeb9bd3d",
    "landing_page": "https://wetwo-vendors.vercel.app/vendor/z4-events-hlwn",
    "storefront": "https://wetwo.love?ref=vendor-z4-events-hlwn",
    "goaffpro_id": "19366088"
  },
  {
    "id": "fe28f4a7-1879-487e-a992-de61941fb8e9",
    "business_name": "Don't Stop the Music Entertainment",
    "contact_name": "DSTM",
    "email": "dontstopthemusic@verizon.net",
    "ref": "don-t-stop-the-music-entertainment-eau3",
    "password": "WeTwo-don-t-stop-the-music-entertainment-eau3",
    "hash": "7385553d5f44161c675aa431b1eb9d6647829d3577241eba231904a956fc315c",
    "magic_token": "fae666c6374f6412ca0de0a9f08a65f2",
    "magic_link": "https://wetwo-vendors.vercel.app/dashboard?token=fae666c6374f6412ca0de0a9f08a65f2",
    "landing_page": "https://wetwo-vendors.vercel.app/vendor/don-t-stop-the-music-entertainment-eau3",
    "storefront": "https://wetwo.love?ref=vendor-don-t-stop-the-music-entertainment-eau3",
    "goaffpro_id": "19366760"
  }
]